{
  "regex": {
    "precision": 0.532150776053215,
    "recall": 0.9056603773584906,
    "f1": 0.670391061452514,
    "tp": 240,
    "fp": 211
  },
  "hybrid": {
    "precision": 0.5479166666666667,
    "recall": 0.9924528301886792,
    "f1": 0.7060402684563759,
    "tp": 263,
    "fp": 217
  },
  "latency_ms_per_snippet": 5128.215528964996,
  "total_samples": 500,
  "timestamp": "2026-03-27 14:44:02"
}